Achim Kessler;Achim;Kessler;Die Linke;member of federal parliament 2
Achim Post;Achim;Post;SPD;member of federal parliament 2
Agnes Alpers;Agnes;Alpers;Die Linke;member of federal parliament 1
Agnieszka Brugger;Agnieszka;Brugger;Die Grünen;member of federal parliament 1
Albert Rupprecht;Albert;Rupprecht;CSU;member of federal parliament 1
Albert Stegemann;Albert;Stegemann;CDU;member of federal parliament 1
Albert Weiler;Albert;Weiler;CDU;member of federal parliament 1
Alexander Funk;Alexander;Funk;CDU;member of federal parliament 1
Alexander Graf Lambsdorff;Alexander Graf;Lambsdorff;FDP;member of federal parliament 2
Alexander Hoffmann;Alexander;Hoffmann;CSU;member of federal parliament 1
Alexander Krauß;Alexander;Krauß;CDU;member of federal parliament 2
Alexander Kulitz;Alexander;Kulitz;FDP;member of federal parliament 2
Alexander Müller;Alexander;Müller;FDP;member of federal parliament 2
Alexander Neu;Alexander;Neu;Die Linke;member of federal parliament 1
Alexander Radwan;Alexander;Radwan;CSU;member of federal parliament 1
Alexander Throm;Alexander;Throm;CDU;member of federal parliament 2
Alexander Ulrich;Alexander;Ulrich;Die Linke;member of federal parliament 1
Alexandra Dinges-Dierig;Alexandra;Dinges-Dierig;CDU;member of federal parliament 1
Alice Weidel;Alice;Weidel;AfD;member of federal parliament 2
Alois Georg Josef Rainer;Alois Georg Josef;Rainer;CSU;member of federal parliament 1
Alois Gerig;Alois;Gerig;CDU;member of federal parliament 1
Alois Karl;Alois;Karl;CSU;member of federal parliament 1
Alois Rainer;Alois;Rainer;CSU;member of federal parliament 2
Amira Mohamed Ali;Amira Mohamed;Ali;Die Linke;member of federal parliament 2
André Berghegger;André;Berghegger;CDU;member of federal parliament 1
André Hahn;André;Hahn;Die Linke;member of federal parliament 1
Andrea Lindholz;Andrea;Lindholz;CSU;member of federal parliament 1
Andrea Wicklein;Andrea;Wicklein;SPD;member of federal parliament 1
Andreas Bleck;Andreas;Bleck;AfD;member of federal parliament 2
Andreas Jung;Andreas;Jung;CDU;member of federal parliament 2
Andreas Lämmel;Andreas;Lämmel;CDU;member of federal parliament 1
Andreas Lenz;Andreas;Lenz;CSU;member of federal parliament 1
Andreas Mattfeldt;Andreas;Mattfeldt;CDU;member of federal parliament 1
Andreas Mrosek;Andreas;Mrosek;AfD;member of federal parliament 2
Andreas Nick;Andreas;Nick;CDU;member of federal parliament 1
Andreas Rimkus;Andreas;Rimkus;SPD;member of federal parliament 1
Andreas Schockenhoff;Andreas;Schockenhoff;CDU;member of federal parliament 1
Andreas Schwarz;Andreas;Schwarz;SPD;member of federal parliament 1
Andreas Steier;Andreas;Steier;CDU;member of federal parliament 2
Andreas Wagner;Andreas;Wagner;Die Linke;member of federal parliament 2
Andrej Hunko;Andrej;Hunko;Die Linke;member of federal parliament 1
Andrew Ullmann;Andrew;Ullmann;FDP;member of federal parliament 2
Anette Hübinger;Anette;Hübinger;CDU;member of federal parliament 1
Anette Kramme;Anette;Kramme;SPD;member of federal parliament 1
Angelika Glöckner;Angelika;Glöckner;SPD;member of federal parliament 1
Angelika Krüger-Leißner;Angelika;Krüger-Leißner;SPD;member of federal parliament 1
Anita Schäfer;Anita;Schäfer;CDU;member of federal parliament 2
Anja Hajduk;Anja;Hajduk;Die Grünen;member of federal parliament 1
Anja Weisgerber;Anja;Weisgerber;CSU;member of federal parliament 1
Anke Domscheit-Berg;Anke;Domscheit-Berg;Die Linke;member of federal parliament 2
Anna Christmann;Anna;Christmann;Die Grünen;member of federal parliament 2
Annette Groth;Annette;Groth;Die Linke;member of federal parliament 1
Annette Sawade;Annette;Sawade;SPD;member of federal parliament 1
Annette Schavan;Annette;Schavan;CDU;member of federal parliament 1
Annette Widmann-Mauz;Annette;Widmann-Mauz;CDU;member of federal parliament 1
Ansgar Heveling;Ansgar;Heveling;CDU;member of federal parliament 1
Antje Lezius;Antje;Lezius;CDU;member of federal parliament 1
Antje Tillmann;Antje;Tillmann;CDU;member of federal parliament 1
Anton Friesen;Anton;Friesen;AfD;member of federal parliament 2
Anton Hofreiter;Anton;Hofreiter;Die Grünen;member of federal parliament 1
Armin Schuster;Armin;Schuster;CDU;member of federal parliament 2
Armin-Paul Hampel;Armin-Paul;Hampel;AfD;member of federal parliament 2
Arno Klare;Arno;Klare;SPD;member of federal parliament 1
Arnold Vaatz;Arnold;Vaatz;CDU;member of federal parliament 1
Artur Auernhammer;Artur;Auernhammer;CSU;member of federal parliament 1
Astrid Damerow;Astrid;Damerow;CDU;member of federal parliament 2
Astrid Freudenstein;Astrid;Freudenstein;CSU;member of federal parliament 1
Astrid Grotelüschen;Astrid;Grotelüschen;CDU;member of federal parliament 1
Astrid Mannes;Astrid;Mannes;CDU;member of federal parliament 2
Astrid Timmermann-Fechter;Astrid;Timmermann-Fechter;CDU;member of federal parliament 1
Axel Fischer;Axel;Fischer;CDU;member of federal parliament 2
Axel Gehrke;Axel;Gehrke;AfD;member of federal parliament 2
Axel Knoerig;Axel;Knoerig;CDU;member of federal parliament 1
Axel Müller;Axel;Müller;CDU;member of federal parliament 2
Axel Schäfer;Axel;Schäfer;SPD;member of federal parliament 2
Aydan Özoğuz;Aydan;Özoğuz;SPD;member of federal parliament 1
Azize Tank;Azize;Tank;Die Linke;member of federal parliament 1
Barbara Lanzinger;Barbara;Lanzinger;CSU;member of federal parliament 1
Barbara Woltmann;Barbara;Woltmann;CDU;member of federal parliament 1
Bärbel Bas;Bärbel;Bas;SPD;member of federal parliament 1
Bärbel Höhn;Bärbel;Höhn;Die Grünen;member of federal parliament 1
Bärbel Kofler;Bärbel;Kofler;SPD;member of federal parliament 1
Bartholomäus Kalb;Bartholomäus;Kalb;CSU;member of federal parliament 1
Beate Müller-Gemmeke;Beate;Müller-Gemmeke;Die Grünen;member of federal parliament 1
Beate Walter-Rosenheimer;Beate;Walter-Rosenheimer;Die Grünen;member of federal parliament 1
Beatrix von Storch;Beatrix;von Storch;AfD;member of federal parliament 2
Benjamin Strasser;Benjamin;Strasser;FDP;member of federal parliament 2
Berengar Elsner von Gronow;Berengar;von Gronow;AfD;member of federal parliament 2
Bernd Baumann;Bernd;Baumann;AfD;member of federal parliament 2
Bernd Fabritius;Bernd;Fabritius;CSU;member of federal parliament 1
Bernd Reuther;Bernd;Reuther;FDP;member of federal parliament 2
Bernd Rützel;Bernd;Rützel;SPD;member of federal parliament 1
Bernd Siebert;Bernd;Siebert;CDU;member of federal parliament 1
Bernd Westphal;Bernd;Westphal;SPD;member of federal parliament 1
Bernhard Daldrup;Bernhard;Daldrup;SPD;member of federal parliament 1
Bernhard Kaster;Bernhard;Kaster;CDU;member of federal parliament 1
Bernhard Loos;Bernhard;Loos;CSU;member of federal parliament 2
Bernhard Schulte-Drüggelte;Bernhard;Schulte-Drüggelte;CDU;member of federal parliament 1
Bettina Bähr-Losse;Bettina;Bähr-Losse;SPD;member of federal parliament 1
Bettina Hagedorn;Bettina;Hagedorn;SPD;member of federal parliament 1
Bettina Hoffmann;Bettina;Hoffmann;Die Grünen;member of federal parliament 2
Bettina Hornhues;Bettina;Hornhues;CDU;member of federal parliament 1
Bettina Kudla;Bettina;Kudla;CDU;member of federal parliament 1
Bettina Müller;Bettina;Müller;SPD;member of federal parliament 1
Bettina Stark-Watzinger;Bettina;Stark-Watzinger;FDP;member of federal parliament 2
Bettina Wiesmann;Bettina;Wiesmann;CDU;member of federal parliament 2
Bijan Djir-Sarai;Bijan;Djir-Sarai;FDP;member of federal parliament 2
Birgit Kömpel;Birgit;Kömpel;SPD;member of federal parliament 1
Birgit Malecha-Nissen;Birgit;Malecha-Nissen;SPD;member of federal parliament 1
Birgit Malsack-Winkemann;Birgit;Malsack-Winkemann;AfD;member of federal parliament 2
Birgit Menz;Birgit;Menz;Die Linke;member of federal parliament 1
Birgit Wöllert;Birgit;Wöllert;Die Linke;member of federal parliament 1
Birke Bull-Bischoff;Birke;Bull-Bischoff;Die Linke;member of federal parliament 2
Björn Simon;Björn;Simon;CDU;member of federal parliament 2
Brigitte Freihold;Brigitte;Freihold;Die Linke;member of federal parliament 2
Brigitte Pothmer;Brigitte;Pothmer;Die Grünen;member of federal parliament 1
Britta Dassler;Britta;Dassler;FDP;member of federal parliament 2
Britta Haßelmann;Britta;Haßelmann;Die Grünen;member of federal parliament 1
Bruno Hollnagel;Bruno;Hollnagel;AfD;member of federal parliament 2
Burkhard Blienert;Burkhard;Blienert;SPD;member of federal parliament 1
Burkhard Lischka;Burkhard;Lischka;SPD;member of federal parliament 1
Cajus Julius Caesar;Cajus Julius;Caesar;CDU;member of federal parliament 1
Canan Bayram;Canan;Bayram;Die Grünen;member of federal parliament 2
Cansel Kiziltepe;Cansel;Kiziltepe;SPD;member of federal parliament 1
Caren Lay;Caren;Lay;Die Linke;member of federal parliament 1
Caren Marks;Caren;Marks;SPD;member of federal parliament 1
Carina Konrad;Carina;Konrad;FDP;member of federal parliament 2
Carl-Julius Cronenberg;Carl-Julius;Cronenberg;FDP;member of federal parliament 2
Carola Reimann;Carola;Reimann;SPD;member of federal parliament 1
Carola Stauche;Carola;Stauche;CDU;member of federal parliament 1
Carsten Brodesser;Carsten;Brodesser;CDU;member of federal parliament 2
Carsten Körber;Carsten;Körber;CDU;member of federal parliament 1
Carsten Linnemann;Carsten;Linnemann;CDU;member of federal parliament 1
Carsten Müller;Carsten;Müller;CDU;member of federal parliament 2
Carsten Schneider;Carsten;Schneider;SPD;member of federal parliament 2
Carsten Träger;Carsten;Träger;SPD;member of federal parliament 1
Cem Özdemir;Cem;Özdemir;Die Grünen;member of federal parliament 1
Cemile Giousouf;Cemile;Giousouf;CDU;member of federal parliament 1
Charles M. Huber;Charles;Huber;CDU;member of federal parliament 1
Christel Voßbeck-Kayser;Christel;Voßbeck-Kayser;CDU;member of federal parliament 1
Christian Dürr;Christian;Dürr;FDP;member of federal parliament 2
Christian Flisek;Christian;Flisek;SPD;member of federal parliament 1
Christian Haase;Christian;Haase;CDU;member of federal parliament 1
Christian Hirte;Christian;Hirte;CDU;member of federal parliament 1
Christian Jung;Christian;Jung;FDP;member of federal parliament 2
Christian Kühn;Christian;Kühn;Die Grünen;member of federal parliament 2
Christian Lange;Christian;Lange;SPD;member of federal parliament 2
Christian Petry;Christian;Petry;SPD;member of federal parliament 1
Christian Sauter;Christian;Sauter;FDP;member of federal parliament 2
Christian von Stetten;Christian;von Stetten;CDU;member of federal parliament 1
Christian Wirth;Christian;Wirth;AfD;member of federal parliament 2
Christina Jantz;Christina;Jantz;SPD;member of federal parliament 1
Christina Kampmann;Christina;Kampmann;SPD;member of federal parliament 1
Christina Schwarzer;Christina;Schwarzer;CDU;member of federal parliament 1
Christine Aschenberg-Dugnus;Christine;Aschenberg-Dugnus;FDP;member of federal parliament 2
Christine Buchholz;Christine;Buchholz;Die Linke;member of federal parliament 1
Christine Lambrecht;Christine;Lambrecht;SPD;member of federal parliament 1
Christoph Bergner;Christoph;Bergner;CDU;member of federal parliament 1
Christoph Bernstiel;Christoph;Bernstiel;CDU;member of federal parliament 2
Christoph de Vries;Christoph;de Vries;CDU;member of federal parliament 2
Christoph Hoffmann;Christoph;Hoffmann;FDP;member of federal parliament 2
Christoph Matschie;Christoph;Matschie;SPD;member of federal parliament 2
Christoph Meyer;Christoph;Meyer;FDP;member of federal parliament 2
Christoph Neumann;Christoph;Neumann;AfD;member of federal parliament 2
Christoph Ploß;Christoph;Ploß;CDU;member of federal parliament 2
Christoph Strässer;Christoph;Strässer;SPD;member of federal parliament 1
Claudia Lücking-Michel;Claudia;Lücking-Michel;CDU;member of federal parliament 1
Claudia Moll;Claudia;Moll;SPD;member of federal parliament 2
Claudia Müller;Claudia;Müller;Die Grünen;member of federal parliament 2
Claudia Roth;Claudia;Roth;Die Grünen;member of federal parliament 2
Claudia Schmidtke;Claudia;Schmidtke;CDU;member of federal parliament 2
Claudia Tausend;Claudia;Tausend;SPD;member of federal parliament 1
Clemens Binninger;Clemens;Binninger;CDU;member of federal parliament 1
Corinna Miazga;Corinna;Miazga;AfD;member of federal parliament 2
Corinna Rüffer;Corinna;Rüffer;Die Grünen;member of federal parliament 1
Cornelia Möhring;Cornelia;Möhring;Die Linke;member of federal parliament 1
Dagmar Freitag;Dagmar;Freitag;SPD;member of federal parliament 1
Dagmar Schmidt;Dagmar;Schmidt;SPD;member of federal parliament 2
Dagmar Wöhrl;Dagmar;Wöhrl;CSU;member of federal parliament 1
Dagmar Ziegler;Dagmar;Ziegler;SPD;member of federal parliament 1
Daniel Föst;Daniel;Föst;FDP;member of federal parliament 2
Daniela De Ridder;Daniela;De Ridder;SPD;member of federal parliament 1
Daniela Kluckert;Daniela;Kluckert;FDP;member of federal parliament 2
Daniela Kolbe;Daniela;Kolbe;SPD;member of federal parliament 1
Daniela Ludwig;Daniela;Ludwig;CSU;member of federal parliament 1
Daniela Wagner;Daniela;Wagner;Die Grünen;member of federal parliament 2
Danyal Bayaz;Danyal;Bayaz;Die Grünen;member of federal parliament 2
Dennis Rohde;Dennis;Rohde;SPD;member of federal parliament 1
Detlef Müller;Detlef;Müller;SPD;member of federal parliament 2
Detlef Seif;Detlef;Seif;CDU;member of federal parliament 1
Detlev Pilger;Detlev;Pilger;SPD;member of federal parliament 1
Detlev Spangenberg;Detlev;Spangenberg;AfD;member of federal parliament 2
Diana Golze;Diana;Golze;Die Linke;member of federal parliament 1
Dieter Janecek;Dieter;Janecek;Die Grünen;member of federal parliament 1
Dieter Stier;Dieter;Stier;CDU;member of federal parliament 1
Diether Dehm;Diether;Dehm;Die Linke;member of federal parliament 1
Dietlind Tiemann;Dietlind;Tiemann;CDU;member of federal parliament 2
Dietmar Bartsch;Dietmar;Bartsch;Die Linke;member of federal parliament 1
Dietmar Friedhoff;Dietmar;Friedhoff;AfD;member of federal parliament 2
Dietmar Nietan;Dietmar;Nietan;SPD;member of federal parliament 1
Dietrich Monstadt;Dietrich;Monstadt;CDU;member of federal parliament 1
Dirk Becker;Dirk;Becker;SPD;member of federal parliament 1
Dirk Fischer;Dirk;Fischer;CDU;member of federal parliament 1
Dirk Heidenblut;Dirk;Heidenblut;SPD;member of federal parliament 1
Dirk Spaniel;Dirk;Spaniel;AfD;member of federal parliament 2
Dirk Vöpel;Dirk;Vöpel;SPD;member of federal parliament 1
Dirk Wiese;Dirk;Wiese;SPD;member of federal parliament 1
Doris Achelwilm;Doris;Achelwilm;Die Linke;member of federal parliament 2
Doris Barnett;Doris;Barnett;SPD;member of federal parliament 1
Doris Wagner;Doris;Wagner;Die Grünen;member of federal parliament 1
Dorothee Schlegel;Dorothee;Schlegel;SPD;member of federal parliament 1
Eberhard Gienger;Eberhard;Gienger;CDU;member of federal parliament 1
Eckhard Gnodtke;Eckhard;Gnodtke;CDU;member of federal parliament 2
Eckhard Pols;Eckhard;Pols;CDU;member of federal parliament 1
Eckhardt Rehberg;Eckhardt;Rehberg;CDU;member of federal parliament 1
Edelgard Bulmahn;Edelgard;Bulmahn;SPD;member of federal parliament 1
Edgar Franke;Edgar;Franke;SPD;member of federal parliament 1
Edmund Stoiber;Edmund;Stoiber;CSU;honorary chairperson
Egon Jüttner;Egon;Jüttner;CDU;member of federal parliament 1
Ekin Deligöz;Ekin;Deligöz;Die Grünen;member of federal parliament 1
Elfi Scho-Antwerpes;Elfi;Scho-Antwerpes;SPD;member of federal parliament 1
Elisabeth Charlotte Motschmann;Elisabeth Charlotte;Motschmann;CDU;member of federal parliament 1
Elisabeth Kaiser;Elisabeth;Kaiser;SPD;member of federal parliament 2
Elisabeth Motschmann;Elisabeth;Motschmann;CDU;member of federal parliament 2
Elisabeth Paus;Elisabeth;Paus;Die Grünen;member of federal parliament 1
Elisabeth Scharfenberg;Elisabeth;Scharfenberg;Die Grünen;member of federal parliament 1
Elisabeth Winkelmeier-Becker;Elisabeth;Winkelmeier-Becker;CDU;member of federal parliament 1
Elke Ferner;Elke;Ferner;SPD;member of federal parliament 1
Elvan Korkmaz;Elvan;Korkmaz;SPD;member of federal parliament 2
Elvira Drobinski-Weiß;Elvira;Drobinski-Weiß;SPD;member of federal parliament 1
Emmi Zeulner;Emmi;Zeulner;CSU;member of federal parliament 1
Enak Ferlemann;Enak;Ferlemann;CDU;member of federal parliament 1
Enrico Komning;Enrico;Komning;AfD;member of federal parliament 2
Erhard Grundl;Erhard;Grundl;Die Grünen;member of federal parliament 2
Erich Irlstorfer;Erich;Irlstorfer;CSU;member of federal parliament 1
Erika Steinbach;Erika;Steinbach;fraktionslos;member of federal parliament 1
Ernst Dieter Rossmann;Ernst Dieter;Rossmann;SPD;member of federal parliament 1
Erwin Rüddel;Erwin;Rüddel;CDU;member of federal parliament 1
Esther Dilcher;Esther;Dilcher;SPD;member of federal parliament 2
Eva Bulling-Schröter;Eva;Bulling-Schröter;Die Linke;member of federal parliament 1
Eva Högl;Eva;Högl;SPD;member of federal parliament 1
Eva Schreiber;Eva;Schreiber;Die Linke;member of federal parliament 2
Evrim Sommer;Evrim;Sommer;Die Linke;member of federal parliament 2
Ewald Schurer;Ewald;Schurer;SPD;member of federal parliament 1
Fabian Jacobi;Fabian;Jacobi;AfD;member of federal parliament 2
Fabio De Masi;Fabio;De Masi;Die Linke;member of federal parliament 2
Falko Mohrs;Falko;Mohrs;SPD;member of federal parliament 2
Felix Schreiner;Felix;Schreiner;CDU;member of federal parliament 2
Filiz Polat;Filiz;Polat;Die Grünen;member of federal parliament 2
Florian Hahn;Florian;Hahn;CSU;member of federal parliament 1
Florian Oßner;Florian;Oßner;CSU;member of federal parliament 1
Florian Post;Florian;Post;SPD;member of federal parliament 1
Florian Pronold;Florian;Pronold;SPD;member of federal parliament 1
Florian Toncar;Florian;Toncar;FDP;member of federal parliament 2
Frank Heinrich;Frank;Heinrich;CDU;member of federal parliament 2
Frank Junge;Frank;Junge;SPD;member of federal parliament 1
Frank Magnitz;Frank;Magnitz;AfD;member of federal parliament 2
Frank Müller-Rosentritt;Frank;Müller-Rosentritt;FDP;member of federal parliament 2
Frank Pasemann;Frank;Pasemann;AfD;member of federal parliament 2
Frank Schäffler;Frank;Schäffler;FDP;member of federal parliament 2
Frank Schwabe;Frank;Schwabe;SPD;member of federal parliament 1
Frank Sitta;Frank;Sitta;FDP;member of federal parliament 2
Frank Steffel;Frank;Steffel;CDU;member of federal parliament 1
Frank Tempel;Frank;Tempel;Die Linke;member of federal parliament 1
Franz Josef Jung;Franz Josef;Jung;CDU;member of federal parliament 1
Franz Thönnes;Franz;Thönnes;SPD;member of federal parliament 1
Franz-Josef Holzenkamp;Franz-Josef;Holzenkamp;CDU;member of federal parliament 1
Franziska Brantner;Franziska;Brantner;Die Grünen;member of federal parliament 1
Franziska Gminder;Franziska;Gminder;AfD;member of federal parliament 2
Frauke Petry;Frauke;Petry;fraktionslos;member of federal parliament 2
Friedrich Ostendorff;Friedrich;Ostendorff;Die Grünen;member of federal parliament 1
Friedrich Straetmanns;Friedrich;Straetmanns;Die Linke;member of federal parliament 2
Frithjof Schmidt;Frithjof;Schmidt;Die Grünen;member of federal parliament 1
Fritz Felgentreu;Fritz;Felgentreu;SPD;member of federal parliament 1
Fritz Güntzler;Fritz;Güntzler;CDU;member of federal parliament 1
Gabi Weber;Gabi;Weber;SPD;member of federal parliament 1
Gabriela Heinrich;Gabriela;Heinrich;SPD;member of federal parliament 1
Gabriele Fograscher;Gabriele;Fograscher;SPD;member of federal parliament 1
Gabriele Groneberg;Gabriele;Groneberg;SPD;member of federal parliament 1
Gabriele Hiller-Ohm;Gabriele;Hiller-Ohm;SPD;member of federal parliament 1
Gabriele Katzmarek;Gabriele;Katzmarek;SPD;member of federal parliament 1
Gabriele Lösekrug-Möller;Gabriele;Lösekrug-Möller;SPD;member of federal parliament 1
Gabriele Schmidt;Gabriele;Schmidt;CDU;member of federal parliament 1
Georg Kippels;Georg;Kippels;CDU;member of federal parliament 1
Georg Nüßlein;Georg;Nüßlein;CSU;member of federal parliament 1
Gerald Ullrich;Gerald;Ullrich;FDP;member of federal parliament 2
Gerda Hasselfeldt;Gerda;Hasselfeldt;CSU;member of federal parliament 1
Gerhard Schick;Gerhard;Schick;Die Grünen;member of federal parliament 1
Gernot Erler;Gernot;Erler;SPD;member of federal parliament 1
Gero Clemens Hocker;Gero Clemens;Hocker;FDP;member of federal parliament 2
Gero Storjohann;Gero;Storjohann;CDU;member of federal parliament 1
Gerold Otten;Gerold;Otten;AfD;member of federal parliament 2
Gerold Reichenbach;Gerold;Reichenbach;SPD;member of federal parliament 1
Gesine Lötzsch;Gesine;Lötzsch;Die Linke;member of federal parliament 1
Gisela Manderla;Gisela;Manderla;CDU;member of federal parliament 1
Gitta Connemann;Gitta;Connemann;CDU;member of federal parliament 1
Gökay Akbulut;Gökay;Akbulut;Die Linke;member of federal parliament 2
Gottfried Curio;Gottfried;Curio;AfD;member of federal parliament 2
Götz Frömming;Götz;Frömming;AfD;member of federal parliament 2
Gregor Gysi;Gregor;Gysi;Die Linke;member of federal parliament 1
Grigorios Aggelidis;Grigorios;Aggelidis;FDP;member of federal parliament 2
Gudrun Zollner;Gudrun;Zollner;CSU;member of federal parliament 1
Gülistan Yüksel;Gülistan;Yüksel;SPD;member of federal parliament 1
Günter Baumann;Günter;Baumann;CDU;member of federal parliament 1
Günter Krings;Günter;Krings;CDU;member of federal parliament 1
Günter Lach;Günter;Lach;CDU;member of federal parliament 1
Gunther Krichbaum;Gunther;Krichbaum;CDU;member of federal parliament 1
Gustav Herzog;Gustav;Herzog;SPD;member of federal parliament 1
Gyde Jensen;Gyde;Jensen;FDP;member of federal parliament 2
Hagen Reinhold;Hagen;Reinhold;FDP;member of federal parliament 2
Halina Wawzyniak;Halina;Wawzyniak;Die Linke;member of federal parliament 1
Hans Michelbach;Hans;Michelbach;CSU;member of federal parliament 1
Hans Modrow;Hans;Modrow;Die Linke;honorary chairperson
Hans-Christian Ströbele;Hans-Christian;Ströbele;Die Grünen;member of federal parliament 1
Hans-Dietrich Genscher;Hans-Dietrich;Genscher;FDP;honorary chairperson
Hans-Georg von der Marwitz;Hans-Georg;von der Marwitz;CDU;member of federal parliament 1
Hans-Joachim Fuchtel;Hans-Joachim;Fuchtel;CDU;member of federal parliament 1
Hans-Joachim Schabedoth;Hans-Joachim;Schabedoth;SPD;member of federal parliament 1
Hans-Jürgen Irmer;Hans-Jürgen;Irmer;CDU;member of federal parliament 2
Hans-Jürgen Thies;Hans-Jürgen;Thies;CDU;member of federal parliament 2
Hans-Peter Bartels;Hans-Peter;Bartels;SPD;member of federal parliament 1
Hans-Peter Uhl;Hans-Peter;Uhl;CSU;member of federal parliament 1
Hans-Ulrich Krüger;Hans-Ulrich;Krüger;SPD;member of federal parliament 1
Hans-Werner Kammer;Hans-Werner;Kammer;CDU;member of federal parliament 1
Hansjörg Durz;Hansjörg;Durz;CSU;member of federal parliament 1
Hansjörg Müller;Hansjörg;Müller;AfD;member of federal parliament 2
Harald Ebner;Harald;Ebner;Die Grünen;member of federal parliament 1
Harald Petzold;Harald;Petzold;Die Linke;member of federal parliament 1
Harald Terpe;Harald;Terpe;Die Grünen;member of federal parliament 1
Harald Weinberg;Harald;Weinberg;Die Linke;member of federal parliament 1
Harald Weyel;Harald;Weyel;AfD;member of federal parliament 2
Hartmut Ebbing;Hartmut;Ebbing;FDP;member of federal parliament 2
Hartmut Koschyk;Hartmut;Koschyk;CSU;member of federal parliament 1
Heidrun Bluhm;Heidrun;Bluhm;Die Linke;member of federal parliament 1
Heidtrud Henn;Heidtrud;Henn;SPD;member of federal parliament 1
Heike Baehrens;Heike;Baehrens;SPD;member of federal parliament 1
Heike Brehmer;Heike;Brehmer;CDU;member of federal parliament 1
Heike Hänsel;Heike;Hänsel;Die Linke;member of federal parliament 1
Heiko Heßenkemper;Heiko;Heßenkemper;AfD;member of federal parliament 2
Heiko Schmelzle;Heiko;Schmelzle;CDU;member of federal parliament 1
Heiko Wildberg;Heiko;Wildberg;AfD;member of federal parliament 2
Heinrich Zertik;Heinrich;Zertik;CDU;member of federal parliament 1
Heinz Riesenhuber;Heinz;Riesenhuber;CDU;member of federal parliament 1
Heinz Wiese;Heinz;Wiese;CDU;member of federal parliament 1
Heinz-Joachim Barchmann;Heinz-Joachim;Barchmann;SPD;member of federal parliament 1
Helga Kühn-Mengel;Helga;Kühn-Mengel;SPD;member of federal parliament 1
Helge Lindh;Helge;Lindh;SPD;member of federal parliament 2
Helmut Brandt;Helmut;Brandt;CDU;member of federal parliament 1
Helmut Heiderich;Helmut;Heiderich;CDU;member of federal parliament 1
Helmut Kohl;Helmut;Kohl;CDU;honorary chairperson
Helmut Nowak;Helmut;Nowak;CDU;member of federal parliament 1
Hendrik Hoppenstedt;Hendrik;Hoppenstedt;CDU;member of federal parliament 1
Henning Otte;Henning;Otte;CDU;member of federal parliament 1
Herbert Behrens;Herbert;Behrens;Die Linke;member of federal parliament 1
Heribert Hirte;Heribert;Hirte;CDU;member of federal parliament 1
Herlind Gundelach;Herlind;Gundelach;CDU;member of federal parliament 1
Hermann Färber;Hermann;Färber;CDU;member of federal parliament 1
Hermann Otto Solms;Hermann Otto;Solms;FDP;member of federal parliament 2
Hermann-Josef Tebroke;Hermann-Josef;Tebroke;CDU;member of federal parliament 2
Hilde Mattheis;Hilde;Mattheis;SPD;member of federal parliament 1
Hiltrud Lotze;Hiltrud;Lotze;SPD;member of federal parliament 1
Hubert Hüppe;Hubert;Hüppe;CDU;member of federal parliament 1
Hubertus Zdebel;Hubertus;Zdebel;Die Linke;member of federal parliament 1
Ingbert Liebing;Ingbert;Liebing;CDU;member of federal parliament 1
Inge Höger;Inge;Höger;Die Linke;member of federal parliament 1
Ingmar Jung;Ingmar;Jung;CDU;member of federal parliament 2
Ingo Gädechens;Ingo;Gädechens;CDU;member of federal parliament 1
Ingo Wellenreuther;Ingo;Wellenreuther;CDU;member of federal parliament 1
Ingrid Arndt-Brauer;Ingrid;Arndt-Brauer;SPD;member of federal parliament 1
Ingrid Fischbach;Ingrid;Fischbach;CDU;member of federal parliament 1
Ingrid Nestle;Ingrid;Nestle;Die Grünen;member of federal parliament 2
Ingrid Pahlmann;Ingrid;Pahlmann;CDU;member of federal parliament 1
Ingrid Remmers;Ingrid;Remmers;Die Linke;member of federal parliament 2
Irene Mihalic;Irene;Mihalic;Die Grünen;member of federal parliament 1
Iris Eberl;Iris;Eberl;CSU;member of federal parliament 1
Iris Gleicke;Iris;Gleicke;SPD;member of federal parliament 1
Iris Ripsam;Iris;Ripsam;CDU;member of federal parliament 1
Jakob Kaiser;Jakob;Kaiser;CDU;honorary chairperson
Jan Korte;Jan;Korte;Die Linke;member of federal parliament 1
Jan Metzler;Jan;Metzler;CDU;member of federal parliament 1
Jan Nolte;Jan;Nolte;AfD;member of federal parliament 2
Jan van Aken;Jan;van Aken;Die Linke;member of federal parliament 1
Jan-Marco Luczak;Jan-Marco;Luczak;CDU;member of federal parliament 1
Jana Schimke;Jana;Schimke;CDU;member of federal parliament 1
Jeannine Pflugradt;Jeannine;Pflugradt;SPD;member of federal parliament 1
Jens Beeck;Jens;Beeck;FDP;member of federal parliament 2
Jens Brandenburg;Jens;Brandenburg;FDP;member of federal parliament 2
Jens Kestner;Jens;Kestner;AfD;member of federal parliament 2
Jens Koeppen;Jens;Koeppen;CDU;member of federal parliament 1
Jens Lehmann;Jens;Lehmann;CDU;member of federal parliament 2
Jens Maier;Jens;Maier;AfD;member of federal parliament 2
Jens Zimmermann;Jens;Zimmermann;SPD;member of federal parliament 1
Jessica Tatti;Jessica;Tatti;Die Linke;member of federal parliament 2
Jimmy Schulz;Jimmy;Schulz;FDP;member of federal parliament 2
Joachim Pfeiffer;Joachim;Pfeiffer;CDU;member of federal parliament 1
Joachim Poß;Joachim;Poß;SPD;member of federal parliament 1
Joana Cotar;Joana;Cotar;AfD;member of federal parliament 2
Jochen Haug;Jochen;Haug;AfD;member of federal parliament 2
Johann Saathoff;Johann;Saathoff;SPD;member of federal parliament 1
Johann Wadephul;Johann;Wadephul;CDU;member of federal parliament 1
Johannes Fechner;Johannes;Fechner;SPD;member of federal parliament 1
Johannes Huber;Johannes;Huber;AfD;member of federal parliament 2
Johannes Kahrs;Johannes;Kahrs;SPD;member of federal parliament 1
Johannes Röring;Johannes;Röring;CDU;member of federal parliament 1
Johannes Schraps;Johannes;Schraps;SPD;member of federal parliament 2
Johannes Selle;Johannes;Selle;CDU;member of federal parliament 1
Johannes Singhammer;Johannes;Singhammer;CSU;member of federal parliament 1
Johannes Steiniger;Johannes;Steiniger;CDU;member of federal parliament 1
Johannes Vogel;Johannes;Vogel;FDP;member of federal parliament 2
Jörg Cezanne;Jörg;Cezanne;Die Linke;member of federal parliament 2
Jörg Hellmuth;Jörg;Hellmuth;CDU;member of federal parliament 1
Jörg Schneider;Jörg;Schneider;AfD;member of federal parliament 2
Jörn König;Jörn;König;AfD;member of federal parliament 2
Jörn Wunderlich;Jörn;Wunderlich;Die Linke;member of federal parliament 1
Josef Göppel;Josef;Göppel;CSU;member of federal parliament 1
Josef Oster;Josef;Oster;CDU;member of federal parliament 2
Josef Rief;Josef;Rief;CDU;member of federal parliament 1
Josephine Ortleb;Josephine;Ortleb;SPD;member of federal parliament 2
Josip Juratovic;Josip;Juratovic;SPD;member of federal parliament 1
Judith Skudelny;Judith;Skudelny;FDP;member of federal parliament 2
Julia Obermeier;Julia;Obermeier;CSU;member of federal parliament 1
Julia Verlinden;Julia;Verlinden;Die Grünen;member of federal parliament 1
Jürgen Braun;Jürgen;Braun;AfD;member of federal parliament 2
Jürgen Coße;Jürgen;Coße;SPD;member of federal parliament 1
Jürgen Hardt;Jürgen;Hardt;CDU;member of federal parliament 1
Jürgen Klimke;Jürgen;Klimke;CDU;member of federal parliament 1
Jürgen Martens;Jürgen;Martens;FDP;member of federal parliament 2
Jürgen Pohl;Jürgen;Pohl;AfD;member of federal parliament 2
Jürgen Trittin;Jürgen;Trittin;Die Grünen;member of federal parliament 1
Jutta Eckenbach;Jutta;Eckenbach;CDU;member of federal parliament 1
Jutta Krellmann;Jutta;Krellmann;Die Linke;member of federal parliament 1
Kai Gehring;Kai;Gehring;Die Grünen;member of federal parliament 1
Kai Wegner;Kai;Wegner;CDU;member of federal parliament 1
Kai Whittaker;Kai;Whittaker;CDU;member of federal parliament 1
Karamba Diaby;Karamba;Diaby;SPD;member of federal parliament 1
Karin Binder;Karin;Binder;Die Linke;member of federal parliament 1
Karin Evers-Meyer;Karin;Evers-Meyer;SPD;member of federal parliament 1
Karin Maag;Karin;Maag;CDU;member of federal parliament 1
Karin Strenz;Karin;Strenz;CDU;member of federal parliament 1
Karin Thissen;Karin;Thissen;SPD;member of federal parliament 1
Karl A. Lamers;Karl;Lamers;CDU;member of federal parliament 1
Karl Holmeier;Karl;Holmeier;CSU;member of federal parliament 1
Karl Lauterbach;Karl;Lauterbach;SPD;member of federal parliament 1
Karl Schiewerling;Karl;Schiewerling;CDU;member of federal parliament 1
Karl-Georg Wellmann;Karl-Georg;Wellmann;CDU;member of federal parliament 1
Karl-Heinz Brunner;Karl-Heinz;Brunner;SPD;member of federal parliament 1
Karl-Heinz Wange;Karl-Heinz;Wange;CDU;member of federal parliament 1
Karlheinz Busen;Karlheinz;Busen;FDP;member of federal parliament 2
Karsten Hilse;Karsten;Hilse;AfD;member of federal parliament 2
Karsten Klein;Karsten;Klein;FDP;member of federal parliament 2
Karsten Möring;Karsten;Möring;CDU;member of federal parliament 1
Katharina Dröge;Katharina;Dröge;Die Grünen;member of federal parliament 1
Katharina Kloke;Katharina;Kloke;FDP;member of federal parliament 2
Katharina Landgraf;Katharina;Landgraf;CDU;member of federal parliament 1
Katherina Reiche;Katherina;Reiche;CDU;member of federal parliament 1
Kathrin Rösel;Kathrin;Rösel;CDU;member of federal parliament 1
Kathrin Vogler;Kathrin;Vogler;Die Linke;member of federal parliament 1
Katja Dörner;Katja;Dörner;Die Grünen;member of federal parliament 1
Katja Hessel;Katja;Hessel;FDP;member of federal parliament 2
Katja Keul;Katja;Keul;Die Grünen;member of federal parliament 1
Katja Leikert;Katja;Leikert;CDU;member of federal parliament 1
Katja Mast;Katja;Mast;SPD;member of federal parliament 1
Katrin Albsteiger;Katrin;Albsteiger;CSU;member of federal parliament 1
Katrin Budde;Katrin;Budde;SPD;member of federal parliament 2
Katrin Göring-Eckardt;Katrin;Göring-Eckardt;Die Grünen;member of federal parliament 1
Katrin Helling-Plahr;Katrin;Helling-Plahr;FDP;member of federal parliament 2
Katrin Kunert;Katrin;Kunert;Die Linke;member of federal parliament 1
Katrin Staffler;Katrin;Staffler;CSU;member of federal parliament 2
Katrin Werner;Katrin;Werner;Die Linke;member of federal parliament 1
Kees de Vries;Kees;de Vries;CDU;member of federal parliament 1
Kersten Steinke;Kersten;Steinke;Die Linke;member of federal parliament 1
Kerstin Andreae;Kerstin;Andreae;Die Grünen;member of federal parliament 1
Kerstin Griese;Kerstin;Griese;SPD;member of federal parliament 1
Kerstin Kassner;Kerstin;Kassner;Die Linke;member of federal parliament 1
Kerstin Radomski;Kerstin;Radomski;CDU;member of federal parliament 1
Kerstin Tack;Kerstin;Tack;SPD;member of federal parliament 1
Kerstin Vieregge;Kerstin;Vieregge;CDU;member of federal parliament 2
Kirsten Kappert-Gonther;Kirsten;Kappert-Gonther;Die Grünen;member of federal parliament 2
Kirsten Lühmann;Kirsten;Lühmann;SPD;member of federal parliament 1
Kirsten Tackmann;Kirsten;Tackmann;Die Linke;member of federal parliament 1
Klaus Barthel;Klaus;Barthel;SPD;member of federal parliament 1
Klaus Brähmig;Klaus;Brähmig;CDU;member of federal parliament 1
Klaus Ernst;Klaus;Ernst;Die Linke;member of federal parliament 1
Klaus Mindrup;Klaus;Mindrup;SPD;member of federal parliament 1
Klaus-Dieter Gröhler;Klaus-Dieter;Gröhler;CDU;member of federal parliament 1
Klaus-Peter Flosbach;Klaus-Peter;Flosbach;CDU;member of federal parliament 1
Klaus-Peter Schulze;Klaus-Peter;Schulze;CDU;member of federal parliament 1
Klaus-Peter Willsch;Klaus-Peter;Willsch;CDU;member of federal parliament 1
Konrad Adenauer;Konrad;Adenauer;CDU;honorary chairperson
Konstantin Kuhle;Konstantin;Kuhle;FDP;member of federal parliament 2
Konstantin von Notz;Konstantin;von Notz;Die Grünen;member of federal parliament 1
Kordula Kovac;Kordula;Kovac;CDU;member of federal parliament 1
Kordula Schulz-Asche;Kordula;Schulz-Asche;Die Grünen;member of federal parliament 1
Kristina Schröder;Kristina;Schröder;CDU;member of federal parliament 1
Kurt Georg Kiesinger;Kurt Georg;Kiesinger;CDU;honorary chairperson
Lars Castellucci;Lars;Castellucci;SPD;member of federal parliament 1
Lars Herrmann;Lars;Herrmann;AfD;member of federal parliament 2
Leif-Erik Holm;Leif-Erik;Holm;AfD;member of federal parliament 2
Lena Strothmann;Lena;Strothmann;CDU;member of federal parliament 1
Leni Breymaier;Leni;Breymaier;SPD;member of federal parliament 2
Linda Teuteberg;Linda;Teuteberg;FDP;member of federal parliament 2
Lisa Badum;Lisa;Badum;Die Grünen;member of federal parliament 2
Lisa Paus;Lisa;Paus;Die Grünen;member of federal parliament 2
Lorenz Gösta Beutin;Lorenz Gösta;Beutin;Die Linke;member of federal parliament 2
Lothar Binding;Lothar;Binding;SPD;member of federal parliament 2
Lothar Maier;Lothar;Maier;AfD;member of federal parliament 2
Lothar Riebsamen;Lothar;Riebsamen;CDU;member of federal parliament 1
Ludwig Erhard;Ludwig;Erhard;CDU;honorary chairperson
Luise Amtsberg;Luise;Amtsberg;Die Grünen;member of federal parliament 1
Lukas Köhler;Lukas;Köhler;FDP;member of federal parliament 2
Mahmut Özdemir;Mahmut;Özdemir;SPD;member of federal parliament 2
Maik Beermann;Maik;Beermann;CDU;member of federal parliament 1
Manfred Behrens;Manfred;Behrens;CDU;member of federal parliament 2
Manfred Grund;Manfred;Grund;CDU;member of federal parliament 1
Manfred Todtenhausen;Manfred;Todtenhausen;FDP;member of federal parliament 2
Manfred Zöllmer;Manfred;Zöllmer;SPD;member of federal parliament 1
Manja Schüle;Manja;Schüle;SPD;member of federal parliament 2
Manuel Höferlin;Manuel;Höferlin;FDP;member of federal parliament 2
Manuel Sarrazin;Manuel;Sarrazin;Die Grünen;member of federal parliament 1
Manuela Rottmann;Manuela;Rottmann;Die Grünen;member of federal parliament 2
Marc Bernhard;Marc;Bernhard;AfD;member of federal parliament 2
Marc Biadacz;Marc;Biadacz;CDU;member of federal parliament 2
Marc Henrichmann;Marc;Henrichmann;CDU;member of federal parliament 2
Marc Jongen;Marc;Jongen;AfD;member of federal parliament 2
Marcel Klinge;Marcel;Klinge;FDP;member of federal parliament 2
Marco Bülow;Marco;Bülow;SPD;member of federal parliament 1
Marco Buschmann;Marco;Buschmann;FDP;member of federal parliament 2
Marco Wanderwitz;Marco;Wanderwitz;CDU;member of federal parliament 1
Marcus Bühl;Marcus;Bühl;AfD;member of federal parliament 2
Marcus Faber;Marcus;Faber;FDP;member of federal parliament 2
Marcus Held;Marcus;Held;SPD;member of federal parliament 1
Marcus Weinberg;Marcus;Weinberg;CDU;member of federal parliament 2
Margaret Horb;Margaret;Horb;CDU;member of federal parliament 1
Margarete Bause;Margarete;Bause;Die Grünen;member of federal parliament 2
Margit Stumpp;Margit;Stumpp;Die Grünen;member of federal parliament 2
Maria Böhmer;Maria;Böhmer;CDU;member of federal parliament 1
Maria Flachsbarth;Maria;Flachsbarth;CDU;member of federal parliament 1
Maria Klein-Schmeink;Maria;Klein-Schmeink;Die Grünen;member of federal parliament 1
Maria Michalk;Maria;Michalk;CDU;member of federal parliament 1
Marian Wendt;Marian;Wendt;CDU;member of federal parliament 1
Mariana Harder-Kühnel;Mariana;Harder-Kühnel;AfD;member of federal parliament 2
Marianne Schieder;Marianne;Schieder;SPD;member of federal parliament 2
Marie-Luise Dött;Marie-Luise;Dött;CDU;member of federal parliament 1
Marieluise Beck;Marieluise;Beck;Die Grünen;member of federal parliament 1
Marina Kermer;Marina;Kermer;SPD;member of federal parliament 1
Mario Brandenburg;Mario;Brandenburg;FDP;member of federal parliament 2
Mario Mieruch;Mario;Mieruch;fraktionslos;member of federal parliament 2
Marion Herdan;Marion;Herdan;CDU;member of federal parliament 1
Marja-Liisa Völlers;Marja-Liisa;Völlers;SPD;member of federal parliament 2
Mark Hauptmann;Mark;Hauptmann;CDU;member of federal parliament 1
Mark Helfrich;Mark;Helfrich;CDU;member of federal parliament 1
Markus Frohnmaier;Markus;Frohnmaier;AfD;member of federal parliament 2
Markus Grübel;Markus;Grübel;CDU;member of federal parliament 1
Markus Herbrand;Markus;Herbrand;FDP;member of federal parliament 2
Markus Koob;Markus;Koob;CDU;member of federal parliament 1
Markus Kurth;Markus;Kurth;Die Grünen;member of federal parliament 1
Markus Paschke;Markus;Paschke;SPD;member of federal parliament 1
Markus Töns;Markus;Töns;SPD;member of federal parliament 2
Markus Tressel;Markus;Tressel;Die Grünen;member of federal parliament 1
Markus Uhl;Markus;Uhl;CDU;member of federal parliament 1
Marlene Mortler;Marlene;Mortler;CSU;member of federal parliament 1
Martin Burkert;Martin;Burkert;SPD;member of federal parliament 1
Martin Dörmann;Martin;Dörmann;SPD;member of federal parliament 1
Martin Gerster;Martin;Gerster;SPD;member of federal parliament 1
Martin Hebner;Martin;Hebner;AfD;member of federal parliament 2
Martin Hess;Martin;Hess;AfD;member of federal parliament 2
Martin Hohmann;Martin;Hohmann;AfD;member of federal parliament 2
Martin Neumann;Martin;Neumann;FDP;member of federal parliament 2
Martin Patzelt;Martin;Patzelt;CDU;member of federal parliament 1
Martin Pätzold;Martin;Pätzold;CDU;member of federal parliament 1
Martin Rabanus;Martin;Rabanus;SPD;member of federal parliament 1
Martin Reichardt;Martin;Reichardt;AfD;member of federal parliament 2
Martin Renner;Martin;Renner;AfD;member of federal parliament 2
Martin Rosemann;Martin;Rosemann;SPD;member of federal parliament 1
Martin Sichert;Martin;Sichert;AfD;member of federal parliament 2
Martina Stamm-Fibich;Martina;Stamm-Fibich;SPD;member of federal parliament 1
Matern von Marschall;Matern;von Marschall;CDU;member of federal parliament 1
Mathias Edwin Höschel;Mathias Edwin;Höschel;CDU;member of federal parliament 1
Mathias Middelberg;Mathias;Middelberg;CDU;member of federal parliament 1
Mathias Stein;Mathias;Stein;SPD;member of federal parliament 2
Matthäus Strebl;Matthäus;Strebl;CSU;member of federal parliament 1
Matthias Bartke;Matthias;Bartke;SPD;member of federal parliament 1
Matthias Birkwald;Matthias;Birkwald;Die Linke;member of federal parliament 1
Matthias Büttner;Matthias;Büttner;AfD;member of federal parliament 2
Matthias Gastel;Matthias;Gastel;Die Grünen;member of federal parliament 1
Matthias Hauer;Matthias;Hauer;CDU;member of federal parliament 1
Matthias Heider;Matthias;Heider;CDU;member of federal parliament 1
Matthias Höhn;Matthias;Höhn;Die Linke;member of federal parliament 2
Matthias Ilgen;Matthias;Ilgen;SPD;member of federal parliament 1
Matthias Lietz;Matthias;Lietz;CDU;member of federal parliament 1
Matthias Miersch;Matthias;Miersch;SPD;member of federal parliament 1
Matthias Schmidt;Matthias;Schmidt;SPD;member of federal parliament 1
Matthias Seestern-Pauly;Matthias;Seestern-Pauly;FDP;member of federal parliament 2
Matthias W. Birkwald;Matthias;Birkwald;Die Linke;member of federal parliament 2
Matthias Zimmer;Matthias;Zimmer;CDU;member of federal parliament 1
Max Straubinger;Max;Straubinger;CSU;member of federal parliament 1
Mechthild Heil;Mechthild;Heil;CDU;member of federal parliament 1
Mechthild Rawert;Mechthild;Rawert;SPD;member of federal parliament 1
Melanie Bernstein;Melanie;Bernstein;CDU;member of federal parliament 2
Metin Hakverdi;Metin;Hakverdi;SPD;member of federal parliament 1
Michael Brand;Michael;Brand;CDU;member of federal parliament 1
Michael Donth;Michael;Donth;CDU;member of federal parliament 1
Michael Espendiller;Michael;Espendiller;AfD;member of federal parliament 2
Michael Frieser;Michael;Frieser;CSU;member of federal parliament 1
Michael Fuchs;Michael;Fuchs;CDU;member of federal parliament 1
Michael Georg Link;Michael Georg;Link;FDP;member of federal parliament 2
Michael Gerdes;Michael;Gerdes;SPD;member of federal parliament 1
Michael Groß;Michael;Groß;SPD;member of federal parliament 1
Michael Grosse-Brömer;Michael;Grosse-Brömer;CDU;member of federal parliament 1
Michael Hartmann;Michael;Hartmann;SPD;member of federal parliament 1
Michael Hennrich;Michael;Hennrich;CDU;member of federal parliament 1
Michael Kießling;Michael;Kießling;CSU;member of federal parliament 2
Michael Kuffer;Michael;Kuffer;CSU;member of federal parliament 2
Michael Leutert;Michael;Leutert;Die Linke;member of federal parliament 1
Michael Meister;Michael;Meister;CDU;member of federal parliament 1
Michael Roth;Michael;Roth;SPD;member of federal parliament 2
Michael Schlecht;Michael;Schlecht;Die Linke;member of federal parliament 1
Michael Schrodi;Michael;Schrodi;SPD;member of federal parliament 2
Michael Stübgen;Michael;Stübgen;CDU;member of federal parliament 1
Michael Theurer;Michael;Theurer;FDP;member of federal parliament 2
Michael Thews;Michael;Thews;SPD;member of federal parliament 1
Michael Vietz;Michael;Vietz;CDU;member of federal parliament 1
Michael von Abercron;Michael;von Abercron;CDU;member of federal parliament 2
Michaela Engelmeier-Heite;Michaela;Engelmeier-Heite;SPD;member of federal parliament 1
Michaela Noll;Michaela;Noll;CDU;member of federal parliament 1
Michel Brandt;Michel;Brandt;Die Linke;member of federal parliament 2
Michelle Müntefering;Michelle;Müntefering;SPD;member of federal parliament 1
Monika Grütters;Monika;Grütters;CDU;member of federal parliament 1
Monika Lazar;Monika;Lazar;Die Grünen;member of federal parliament 1
Nadine Schön;Nadine;Schön;CDU;member of federal parliament 2
Nicole Bauer;Nicole;Bauer;FDP;member of federal parliament 2
Nicole Gohlke;Nicole;Gohlke;Die Linke;member of federal parliament 1
Nicole Höchst;Nicole;Höchst;AfD;member of federal parliament 2
Nicole Maisch;Nicole;Maisch;Die Grünen;member of federal parliament 1
Nicole Westig;Nicole;Westig;FDP;member of federal parliament 2
Niels Annen;Niels;Annen;SPD;member of federal parliament 1
Niema Movassat;Niema;Movassat;Die Linke;member of federal parliament 1
Nikolas Löbel;Nikolas;Löbel;CDU;member of federal parliament 2
Nils Schmid;Nils;Schmid;SPD;member of federal parliament 2
Nina Scheer;Nina;Scheer;SPD;member of federal parliament 1
Nina Warken;Nina;Warken;CDU;member of federal parliament 1
Norbert Altenkamp;Norbert;Altenkamp;CDU;member of federal parliament 2
Norbert Barthle;Norbert;Barthle;CDU;member of federal parliament 1
Norbert Brackmann;Norbert;Brackmann;CDU;member of federal parliament 1
Norbert Kleinwächter;Norbert;Kleinwächter;AfD;member of federal parliament 2
Norbert Lammert;Norbert;Lammert;CDU;member of federal parliament 1
Norbert Müller;Norbert;Müller;Die Linke;member of federal parliament 2
Norbert Röttgen;Norbert;Röttgen;CDU;member of federal parliament 1
Norbert Schindler;Norbert;Schindler;CDU;member of federal parliament 1
Norbert Spinrath;Norbert;Spinrath;SPD;member of federal parliament 1
Olaf in der Beek;Olaf;in der Beek;FDP;member of federal parliament 2
Olav Gutting;Olav;Gutting;CDU;member of federal parliament 1
Ole Schröder;Ole;Schröder;CDU;member of federal parliament 1
Oliver Grundmann;Oliver;Grundmann;CDU;member of federal parliament 1
Oliver Kaczmarek;Oliver;Kaczmarek;SPD;member of federal parliament 1
Oliver Krischer;Oliver;Krischer;Die Grünen;member of federal parliament 1
Oliver Luksic;Oliver;Luksic;FDP;member of federal parliament 2
Oliver Wittke;Oliver;Wittke;CDU;member of federal parliament 1
Omid Nouripour;Omid;Nouripour;Die Grünen;member of federal parliament 1
Oswin Veith;Oswin;Veith;CDU;member of federal parliament 1
Ottmar von Holtz;Ottmar;von Holtz;Die Grünen;member of federal parliament 2
Otto Fricke;Otto;Fricke;FDP;member of federal parliament 2
Otto Graf Lambsdorff;Otto Graf;Lambsdorff;FDP;honorary chairperson
Özcan Mutlu;Özcan;Mutlu;Die Grünen;member of federal parliament 1
Pascal Kober;Pascal;Kober;FDP;member of federal parliament 2
Pascal Meiser;Pascal;Meiser;Die Linke;member of federal parliament 2
Patricia Lips;Patricia;Lips;CDU;member of federal parliament 1
Patrick Ernst Sensburg;Patrick Ernst;Sensburg;CDU;member of federal parliament 1
Patrick Schnieder;Patrick;Schnieder;CDU;member of federal parliament 1
Patrick Sensburg;Patrick;Sensburg;CDU;member of federal parliament 2
Paul Lehrieder;Paul;Lehrieder;CSU;member of federal parliament 1
Paul Podolay;Paul;Podolay;AfD;member of federal parliament 2
Paul Ziemiak;Paul;Ziemiak;CDU;member of federal parliament 2
Peer Steinbrück;Peer;Steinbrück;SPD;member of federal parliament 1
Peter Aumer;Peter;Aumer;CSU;member of federal parliament 2
Peter Beyer;Peter;Beyer;CDU;member of federal parliament 1
Peter Bleser;Peter;Bleser;CDU;member of federal parliament 1
Peter Boehringer;Peter;Boehringer;AfD;member of federal parliament 2
Peter Felser;Peter;Felser;AfD;member of federal parliament 2
Peter Gauweiler;Peter;Gauweiler;CSU;member of federal parliament 1
Peter Hintze;Peter;Hintze;CDU;member of federal parliament 1
Peter Hinz;Peter;Hinz;CDU;member of federal parliament 1
Peter Meiwald;Peter;Meiwald;Die Grünen;member of federal parliament 1
Peter Ramsauer;Peter;Ramsauer;CSU;member of federal parliament 1
Peter Stein;Peter;Stein;CDU;member of federal parliament 1
Peter Tauber;Peter;Tauber;CDU;member of federal parliament 1
Peter Weiß;Peter;Weiß;CDU;member of federal parliament 2
Peter Wichtel;Peter;Wichtel;CDU;member of federal parliament 1
Petr Bystron;Petr;Bystron;AfD;member of federal parliament 2
Petra Crone;Petra;Crone;SPD;member of federal parliament 1
Petra Ernstberger;Petra;Ernstberger;SPD;member of federal parliament 1
Petra Hinz;Petra;Hinz;SPD;member of federal parliament 1
Petra Nicolaisen;Petra;Nicolaisen;CDU;member of federal parliament 2
Petra Pau;Petra;Pau;Die Linke;member of federal parliament 1
Petra Rode-Bosse;Petra;Rode-Bosse;SPD;member of federal parliament 1
Petra Sitte;Petra;Sitte;Die Linke;member of federal parliament 1
Philipp Amthor;Philipp;Amthor;CDU;member of federal parliament 2
Philipp Graf von und zu Lerchenfeld;Philipp Graf;von und zu Lerchenfeld;CSU;member of federal parliament 1
Philipp Lengsfeld;Philipp;Lengsfeld;CDU;member of federal parliament 1
Philipp Mißfelder;Philipp;Mißfelder;CDU;member of federal parliament 1
Philipp Murmann;Philipp;Murmann;CDU;member of federal parliament 1
Pia Zimmermann;Pia;Zimmermann;Die Linke;member of federal parliament 2
Pia-Beate Zimmermann;Pia-Beate;Zimmermann;Die Linke;member of federal parliament 1
Priska Hinz;Priska;Hinz;Die Grünen;member of federal parliament 1
Rainer Arnold;Rainer;Arnold;SPD;member of federal parliament 1
Rainer Hajek;Rainer;Hajek;CDU;member of federal parliament 1
Rainer Kraft;Rainer;Kraft;AfD;member of federal parliament 2
Rainer Spiering;Rainer;Spiering;SPD;member of federal parliament 1
Ralf Brauksiepe;Ralf;Brauksiepe;CDU;member of federal parliament 1
Ralf Kapschack;Ralf;Kapschack;SPD;member of federal parliament 1
Ralph Brinkhaus;Ralph;Brinkhaus;CDU;member of federal parliament 1
Ralph Lenkert;Ralph;Lenkert;Die Linke;member of federal parliament 1
Reiner Meier;Reiner;Meier;CSU;member of federal parliament 1
Reinhard Brandl;Reinhard;Brandl;CSU;member of federal parliament 1
Reinhard Grindel;Reinhard;Grindel;CDU;member of federal parliament 1
Reinhard Houben;Reinhard;Houben;FDP;member of federal parliament 2
Reinhold Jost;Reinhold;Jost;SPD;member of federal parliament 1
Reinhold Sendker;Reinhold;Sendker;CDU;member of federal parliament 1
Renata Alt;Renata;Alt;FDP;member of federal parliament 2
Renate Künast;Renate;Künast;Die Grünen;member of federal parliament 1
René Röspel;René;Röspel;SPD;member of federal parliament 1
René Springer;René;Springer;AfD;member of federal parliament 2
Richard Pitterle;Richard;Pitterle;Die Linke;member of federal parliament 1
Rita Hagl-Kehl;Rita;Hagl-Kehl;SPD;member of federal parliament 1
Rita Schwarzelühr-Sutter;Rita;Schwarzelühr-Sutter;SPD;member of federal parliament 1
Rita Stockhofe;Rita;Stockhofe;CDU;member of federal parliament 1
Robby Schlund;Robby;Schlund;AfD;member of federal parliament 2
Robert Hochbaum;Robert;Hochbaum;CDU;member of federal parliament 1
Roderich Kiesewetter;Roderich;Kiesewetter;CDU;member of federal parliament 1
Roland Claus;Roland;Claus;Die Linke;member of federal parliament 1
Roland Hartwig;Roland;Hartwig;AfD;member of federal parliament 2
Rolf Mützenich;Rolf;Mützenich;SPD;member of federal parliament 1
Roman Müller-Böhm;Roman;Müller-Böhm;FDP;member of federal parliament 2
Roman Reusch;Roman;Reusch;AfD;member of federal parliament 2
Ronald Pofalla;Ronald;Pofalla;CDU;member of federal parliament 1
Ronja Kemmer;Ronja;Kemmer;CDU;member of federal parliament 1
Rosemarie Hein;Rosemarie;Hein;Die Linke;member of federal parliament 1
Roy Kühne;Roy;Kühne;CDU;member of federal parliament 1
Rüdiger Kruse;Rüdiger;Kruse;CDU;member of federal parliament 1
Rüdiger Lucassen;Rüdiger;Lucassen;AfD;member of federal parliament 2
Rüdiger Veit;Rüdiger;Veit;SPD;member of federal parliament 1
Rudolf Henke;Rudolf;Henke;CDU;member of federal parliament 1
Sabine Bätzing-Lichtenthäler;Sabine;Bätzing-Lichtenthäler;SPD;member of federal parliament 1
Sabine Dittmar;Sabine;Dittmar;SPD;member of federal parliament 1
Sabine Leidig;Sabine;Leidig;Die Linke;member of federal parliament 1
Sabine Poschmann;Sabine;Poschmann;SPD;member of federal parliament 1
Sabine Sütterlin-Waack;Sabine;Sütterlin-Waack;CDU;member of federal parliament 1
Sabine Weiss;Sabine;Weiss;CDU;member of federal parliament 2
Sabine Zimmermann;Sabine;Zimmermann;Die Linke;member of federal parliament 2
Sahra Wagenknecht;Sahra;Wagenknecht;Die Linke;member of federal parliament 1
Sandra Weeser;Sandra;Weeser;FDP;member of federal parliament 2
Sarah Ryglewski;Sarah;Ryglewski;SPD;member of federal parliament 1
Sascha Raabe;Sascha;Raabe;SPD;member of federal parliament 1
Saskia Esken;Saskia;Esken;SPD;member of federal parliament 1
Sebastian Brehm;Sebastian;Brehm;CSU;member of federal parliament 2
Sebastian Edathy;Sebastian;Edathy;SPD;member of federal parliament 1
Sebastian Hartmann;Sebastian;Hartmann;SPD;member of federal parliament 1
Sebastian Münzenmaier;Sebastian;Münzenmaier;AfD;member of federal parliament 2
Sebastian Steineke;Sebastian;Steineke;CDU;member of federal parliament 1
Sepp Müller;Sepp;Müller;CDU;member of federal parliament 2
Sevim Dağdelen;Sevim;Dağdelen;Die Linke;member of federal parliament 1
Sibylle Pfeiffer;Sibylle;Pfeiffer;CDU;member of federal parliament 1
Siegbert Droese;Siegbert;Droese;AfD;member of federal parliament 2
Siegmund Ehrmann;Siegmund;Ehrmann;SPD;member of federal parliament 1
Siemtje Möller;Siemtje;Möller;SPD;member of federal parliament 2
Sigrid Hupach;Sigrid;Hupach;Die Linke;member of federal parliament 1
Silke Launert;Silke;Launert;CSU;member of federal parliament 1
Silvia Breher;Silvia;Breher;CDU;member of federal parliament 2
Simone Barrientos;Simone;Barrientos;Die Linke;member of federal parliament 2
Simone Raatz;Simone;Raatz;SPD;member of federal parliament 1
Sonja Steffen;Sonja;Steffen;SPD;member of federal parliament 1
Sönke Rix;Sönke;Rix;SPD;member of federal parliament 1
Sören Bartol;Sören;Bartol;SPD;member of federal parliament 1
Sören Pellmann;Sören;Pellmann;Die Linke;member of federal parliament 2
Stefan Gelbhaar;Stefan;Gelbhaar;Die Grünen;member of federal parliament 2
Stefan Heck;Stefan;Heck;CDU;member of federal parliament 1
Stefan Kaufmann;Stefan;Kaufmann;CDU;member of federal parliament 1
Stefan Keuter;Stefan;Keuter;AfD;member of federal parliament 2
Stefan Liebich;Stefan;Liebich;Die Linke;member of federal parliament 1
Stefan Müller;Stefan;Müller;CSU;member of federal parliament 2
Stefan Rebmann;Stefan;Rebmann;SPD;member of federal parliament 1
Stefan Rouenhoff;Stefan;Rouenhoff;CDU;member of federal parliament 2
Stefan Ruppert;Stefan;Ruppert;FDP;member of federal parliament 2
Stefan Sauer;Stefan;Sauer;CDU;member of federal parliament 2
Stefan Schmidt;Stefan;Schmidt;Die Grünen;member of federal parliament 2
Stefan Schwartze;Stefan;Schwartze;SPD;member of federal parliament 1
Stefan Zierke;Stefan;Zierke;SPD;member of federal parliament 1
Steffen Bilger;Steffen;Bilger;CDU;member of federal parliament 1
Steffen Kampeter;Steffen;Kampeter;CDU;member of federal parliament 1
Steffen Kanitz;Steffen;Kanitz;CDU;member of federal parliament 1
Steffen Kotré;Steffen;Kotré;AfD;member of federal parliament 2
Steffen-Claudio Lemme;Steffen-Claudio;Lemme;SPD;member of federal parliament 1
Steffi Lemke;Steffi;Lemke;Die Grünen;member of federal parliament 1
Stephan Albani;Stephan;Albani;CDU;member of federal parliament 1
Stephan Brandner;Stephan;Brandner;AfD;member of federal parliament 2
Stephan Harbarth;Stephan;Harbarth;CDU;member of federal parliament 1
Stephan Kühn;Stephan;Kühn;Die Grünen;member of federal parliament 2
Stephan Mayer;Stephan;Mayer;CSU;member of federal parliament 2
Stephan Pilsinger;Stephan;Pilsinger;CSU;member of federal parliament 2
Stephan Protschka;Stephan;Protschka;AfD;member of federal parliament 2
Stephan Stracke;Stephan;Stracke;CSU;member of federal parliament 1
Stephan Thomae;Stephan;Thomae;FDP;member of federal parliament 2
Susann Rüthrich;Susann;Rüthrich;SPD;member of federal parliament 1
Susanna Karawanskij;Susanna;Karawanskij;Die Linke;member of federal parliament 1
Susanne Ferschl;Susanne;Ferschl;Die Linke;member of federal parliament 2
Susanne Mittag;Susanne;Mittag;SPD;member of federal parliament 1
Sven Lehmann;Sven;Lehmann;Die Grünen;member of federal parliament 2
Sven Volmering;Sven;Volmering;CDU;member of federal parliament 1
Sven-Christian Kindler;Sven-Christian;Kindler;Die Grünen;member of federal parliament 1
Svenja Stadler;Svenja;Stadler;SPD;member of federal parliament 1
Swen Schulz;Swen;Schulz;SPD;member of federal parliament 2
Swen Schulz ;Swen;Schulz;SPD;member of federal parliament 1
Sybille Benning;Sybille;Benning;CDU;member of federal parliament 1
Sylvia Gabelmann;Sylvia;Gabelmann;Die Linke;member of federal parliament 2
Sylvia Jörrißen;Sylvia;Jörrißen;CDU;member of federal parliament 1
Sylvia Kotting-Uhl;Sylvia;Kotting-Uhl;Die Grünen;member of federal parliament 1
Sylvia Pantel;Sylvia;Pantel;CDU;member of federal parliament 1
Tabea Rößner;Tabea;Rößner;Die Grünen;member of federal parliament 1
Tankred Schipanski;Tankred;Schipanski;CDU;member of federal parliament 1
Theo Waigel;Theo;Waigel;CSU;honorary chairperson
Thomas Bareiß;Thomas;Bareiß;CDU;member of federal parliament 1
Thomas Dörflinger;Thomas;Dörflinger;CDU;member of federal parliament 1
Thomas Ehrhorn;Thomas;Ehrhorn;AfD;member of federal parliament 2
Thomas Erndl;Thomas;Erndl;CSU;member of federal parliament 2
Thomas Feist;Thomas;Feist;CDU;member of federal parliament 1
Thomas Gambke;Thomas;Gambke;Die Grünen;member of federal parliament 1
Thomas Gebhart;Thomas;Gebhart;CDU;member of federal parliament 1
Thomas Hacker;Thomas;Hacker;FDP;member of federal parliament 2
Thomas Heilmann;Thomas;Heilmann;CDU;member of federal parliament 2
Thomas Hitschler;Thomas;Hitschler;SPD;member of federal parliament 1
Thomas Jarzombek;Thomas;Jarzombek;CDU;member of federal parliament 1
Thomas Jepsen;Thomas;Jepsen;CDU;member of federal parliament 1
Thomas Jurk;Thomas;Jurk;SPD;member of federal parliament 1
Thomas L. Kemmerich;Thomas;Kemmerich;FDP;member of federal parliament 2
Thomas Lutze;Thomas;Lutze;Die Linke;member of federal parliament 1
Thomas Mahlberg;Thomas;Mahlberg;CDU;member of federal parliament 1
Thomas Nord;Thomas;Nord;Die Linke;member of federal parliament 1
Thomas Oppermann;Thomas;Oppermann;SPD;member of federal parliament 1
Thomas Rachel;Thomas;Rachel;CDU;member of federal parliament 1
Thomas Sattelberger;Thomas;Sattelberger;FDP;member of federal parliament 2
Thomas Seitz;Thomas;Seitz;AfD;member of federal parliament 2
Thomas Silberhorn;Thomas;Silberhorn;CSU;member of federal parliament 1
Thomas Stritzl;Thomas;Stritzl;CDU;member of federal parliament 1
Thomas Viesehon;Thomas;Viesehon;CDU;member of federal parliament 1
Thorsten Frei;Thorsten;Frei;CDU;member of federal parliament 1
Thorsten Hoffmann ;Thorsten;Hoffmann;CDU;member of federal parliament 1
Till Mansmann;Till;Mansmann;FDP;member of federal parliament 2
Tim Ostermann;Tim;Ostermann;CDU;member of federal parliament 1
Timon Gremmels;Timon;Gremmels;SPD;member of federal parliament 2
Tino Chrupalla;Tino;Chrupalla;AfD;member of federal parliament 2
Tino Sorge;Tino;Sorge;CDU;member of federal parliament 1
Tobias Lindner;Tobias;Lindner;Die Grünen;member of federal parliament 1
Tobias Peterka;Tobias;Peterka;AfD;member of federal parliament 2
Tobias Zech;Tobias;Zech;CSU;member of federal parliament 1
Tom Koenigs;Tom;Koenigs;Die Grünen;member of federal parliament 1
Torbjörn Kartes;Torbjörn;Kartes;CDU;member of federal parliament 2
Torsten Herbst;Torsten;Herbst;FDP;member of federal parliament 2
Torsten Schweiger;Torsten;Schweiger;CDU;member of federal parliament 2
Uda Heller;Uda;Heller;CDU;member of federal parliament 1
Udo Hemmelgarn;Udo;Hemmelgarn;AfD;member of federal parliament 2
Udo Schiefner;Udo;Schiefner;SPD;member of federal parliament 1
Uli Grötsch;Uli;Grötsch;SPD;member of federal parliament 1
Ulla Ihnen;Ulla;Ihnen;FDP;member of federal parliament 2
Ulla Jelpke;Ulla;Jelpke;Die Linke;member of federal parliament 1
Ulla Schmidt;Ulla;Schmidt;SPD;member of federal parliament 2
Ulle Schauws;Ulle;Schauws;Die Grünen;member of federal parliament 2
Ulli Nissen;Ulli;Nissen;SPD;member of federal parliament 1
Ulrich Freese;Ulrich;Freese;SPD;member of federal parliament 1
Ulrich Hampel;Ulrich;Hampel;SPD;member of federal parliament 1
Ulrich Kelber;Ulrich;Kelber;SPD;member of federal parliament 1
Ulrich Lange;Ulrich;Lange;CSU;member of federal parliament 1
Ulrich Lechte;Ulrich;Lechte;FDP;member of federal parliament 2
Ulrich Oehme;Ulrich;Oehme;AfD;member of federal parliament 2
Ulrich Petzold;Ulrich;Petzold;CDU;member of federal parliament 1
Ulrike Bahr;Ulrike;Bahr;SPD;member of federal parliament 1
Ulrike Gottschalck;Ulrike;Gottschalck;SPD;member of federal parliament 1
Ulrike Schielke-Ziesing;Ulrike;Schielke-Ziesing;AfD;member of federal parliament 2
Ursula Groden-Kranich;Ursula;Groden-Kranich;CDU;member of federal parliament 1
Ursula Schauws;Ursula;Schauws;Die Grünen;member of federal parliament 1
Ursula Schulte;Ursula;Schulte;SPD;member of federal parliament 1
Ute Bertram;Ute;Bertram;CDU;member of federal parliament 1
Ute Finckh-Krämer;Ute;Finckh-Krämer;SPD;member of federal parliament 1
Ute Vogt;Ute;Vogt;SPD;member of federal parliament 1
Uwe Beckmeyer;Uwe;Beckmeyer;SPD;member of federal parliament 1
Uwe Feiler;Uwe;Feiler;CDU;member of federal parliament 1
Uwe Kamann;Uwe;Kamann;AfD;member of federal parliament 2
Uwe Kekeritz;Uwe;Kekeritz;Die Grünen;member of federal parliament 1
Uwe Lagosky;Uwe;Lagosky;CDU;member of federal parliament 1
Uwe Schmidt;Uwe;Schmidt;SPD;member of federal parliament 2
Uwe Schulz;Uwe;Schulz;AfD;member of federal parliament 2
Uwe Schummer;Uwe;Schummer;CDU;member of federal parliament 1
Uwe Witt;Uwe;Witt;AfD;member of federal parliament 2
Valerie Wilms;Valerie;Wilms;Die Grünen;member of federal parliament 1
Verena Hartmann;Verena;Hartmann;AfD;member of federal parliament 2
Veronika Bellmann;Veronika;Bellmann;CDU;member of federal parliament 1
Victor Perli;Victor;Perli;Die Linke;member of federal parliament 2
Volker Beck ;Volker;Beck;Die Grünen;member of federal parliament 1
Volker Kauder;Volker;Kauder;CDU;member of federal parliament 1
Volker Michael Ullrich;Volker Michael;Ullrich;CSU;member of federal parliament 1
Volker Mosblech;Volker;Mosblech;CDU;member of federal parliament 1
Volker Münz;Volker;Münz;AfD;member of federal parliament 2
Volker Ullrich;Volker;Ullrich;CSU;member of federal parliament 2
Volkmar Klein;Volkmar;Klein;CDU;member of federal parliament 1
Volkmar Vogel;Volkmar;Vogel;CDU;member of federal parliament 2
Volkmar Vogel ;Volkmar;Vogel;CDU;member of federal parliament 1
Waldemar Herdt;Waldemar;Herdt;AfD;member of federal parliament 2
Waldemar Westermayer;Waldemar;Westermayer;CDU;member of federal parliament 1
Walter Scheel;Walter;Scheel;FDP;honorary chairperson
Waltraud Wolff ;Waltraud;Wolff;SPD;member of federal parliament 1
Wiebke Esdar;Wiebke;Esdar;SPD;member of federal parliament 2
Wieland Schinnenburg;Wieland;Schinnenburg;FDP;member of federal parliament 2
Wilfried Lorenz;Wilfried;Lorenz;CDU;member of federal parliament 1
Wilfried Oellers;Wilfried;Oellers;CDU;member of federal parliament 1
Wilhelm Priesmeier;Wilhelm;Priesmeier;SPD;member of federal parliament 1
Wilhelm von Gottberg;Wilhelm;von Gottberg;AfD;member of federal parliament 2
Willi Brase;Willi;Brase;SPD;member of federal parliament 1
Willy Brandt;Willy;Brandt;SPD;honorary chairperson
Wolfgang Bosbach;Wolfgang;Bosbach;CDU;member of federal parliament 1
Wolfgang Gehrcke;Wolfgang;Gehrcke;Die Linke;member of federal parliament 1
Wolfgang Gunkel;Wolfgang;Gunkel;SPD;member of federal parliament 1
Wolfgang Hellmich;Wolfgang;Hellmich;SPD;member of federal parliament 1
Wolfgang Stefinger;Wolfgang;Stefinger;CSU;member of federal parliament 1
Wolfgang Strengmann-Kuhn;Wolfgang;Strengmann-Kuhn;Die Grünen;member of federal parliament 1
Wolfgang Tiefensee;Wolfgang;Tiefensee;SPD;member of federal parliament 1
Wolfgang Wiehle;Wolfgang;Wiehle;AfD;member of federal parliament 2
Xaver Jung;Xaver;Jung;CDU;member of federal parliament 1
Yasmin Fahimi;Yasmin;Fahimi;SPD;member of federal parliament 2
Yvonne Magwas;Yvonne;Magwas;CDU;member of federal parliament 1
Zaklin Nastic;Zaklin;Nastic;Die Linke;member of federal parliament 2